[{"model": "admin.logentry", "pk": 1, "fields": {"action_time": "2022-11-28T12:54:32.818Z", "user": 1, "content_type": 13, "object_id": "1", "object_repr": "Shoes", "action_flag": 1, "change_message": "[{\"added\": {}}]"}}, {"model": "admin.logentry", "pk": 2, "fields": {"action_time": "2022-11-28T12:55:06.795Z", "user": 1, "content_type": 13, "object_id": "2", "object_repr": "T-Shirt", "action_flag": 1, "change_message": "[{\"added\": {}}]"}}, {"model": "admin.logentry", "pk": 3, "fields": {"action_time": "2022-11-28T12:55:34.436Z", "user": 1, "content_type": 13, "object_id": "3", "object_repr": "Shorts", "action_flag": 1, "change_message": "[{\"added\": {}}]"}}, {"model": "admin.logentry", "pk": 4, "fields": {"action_time": "2022-11-28T12:56:20.889Z", "user": 1, "content_type": 13, "object_id": "4", "object_repr": "Watch", "action_flag": 1, "change_message": "[{\"added\": {}}]"}}, {"model": "admin.logentry", "pk": 5, "fields": {"action_time": "2022-11-28T12:56:58.579Z", "user": 1, "content_type": 13, "object_id": "5", "object_repr": "Denim Jacket", "action_flag": 1, "change_message": "[{\"added\": {}}]"}}, {"model": "admin.logentry", "pk": 6, "fields": {"action_time": "2022-11-28T12:58:18.769Z", "user": 1, "content_type": 13, "object_id": "6", "object_repr": "Denim Jeans", "action_flag": 1, "change_message": "[{\"added\": {}}]"}}, {"model": "admin.logentry", "pk": 7, "fields": {"action_time": "2022-11-28T12:58:54.070Z", "user": 1, "content_type": 13, "object_id": "7", "object_repr": "Baseball Cap", "action_flag": 1, "change_message": "[{\"added\": {}}]"}}, {"model": "admin.logentry", "pk": 8, "fields": {"action_time": "2022-11-28T13:01:02.474Z", "user": 1, "content_type": 13, "object_id": "7", "object_repr": "Baseball Cap", "action_flag": 3, "change_message": ""}}, {"model": "admin.logentry", "pk": 9, "fields": {"action_time": "2022-11-29T08:07:38.378Z", "user": 1, "content_type": 13, "object_id": "6", "object_repr": "Denim Jeans", "action_flag": 2, "change_message": "[]"}}, {"model": "admin.logentry", "pk": 10, "fields": {"action_time": "2022-11-29T08:07:44.079Z", "user": 1, "content_type": 13, "object_id": "5", "object_repr": "Denim Jacket", "action_flag": 2, "change_message": "[]"}}, {"model": "admin.logentry", "pk": 11, "fields": {"action_time": "2022-11-29T08:07:48.128Z", "user": 1, "content_type": 13, "object_id": "4", "object_repr": "Watch", "action_flag": 2, "change_message": "[]"}}, {"model": "admin.logentry", "pk": 12, "fields": {"action_time": "2022-11-29T08:07:51.809Z", "user": 1, "content_type": 13, "object_id": "3", "object_repr": "Shorts", "action_flag": 2, "change_message": "[]"}}, {"model": "admin.logentry", "pk": 13, "fields": {"action_time": "2022-11-29T08:07:55.575Z", "user": 1, "content_type": 13, "object_id": "2", "object_repr": "T-Shirt", "action_flag": 2, "change_message": "[]"}}, {"model": "admin.logentry", "pk": 14, "fields": {"action_time": "2022-11-29T08:07:59.292Z", "user": 1, "content_type": 13, "object_id": "1", "object_repr": "Shoes", "action_flag": 2, "change_message": "[]"}}, {"model": "admin.logentry", "pk": 15, "fields": {"action_time": "2022-11-29T09:30:19.460Z", "user": 1, "content_type": 13, "object_id": "6", "object_repr": "Denim Jeans", "action_flag": 2, "change_message": "[{\"changed\": {\"fields\": [\"Image\"]}}]"}}, {"model": "admin.logentry", "pk": 16, "fields": {"action_time": "2022-11-29T09:30:39.939Z", "user": 1, "content_type": 13, "object_id": "5", "object_repr": "Denim Jacket", "action_flag": 2, "change_message": "[{\"changed\": {\"fields\": [\"Image\"]}}]"}}, {"model": "admin.logentry", "pk": 17, "fields": {"action_time": "2022-11-29T09:30:56.665Z", "user": 1, "content_type": 13, "object_id": "4", "object_repr": "Watch", "action_flag": 2, "change_message": "[{\"changed\": {\"fields\": [\"Image\"]}}]"}}, {"model": "admin.logentry", "pk": 18, "fields": {"action_time": "2022-11-29T09:31:09.131Z", "user": 1, "content_type": 13, "object_id": "3", "object_repr": "Shorts", "action_flag": 2, "change_message": "[{\"changed\": {\"fields\": [\"Image\"]}}]"}}, {"model": "admin.logentry", "pk": 19, "fields": {"action_time": "2022-11-29T09:31:23.897Z", "user": 1, "content_type": 13, "object_id": "2", "object_repr": "T-Shirt", "action_flag": 2, "change_message": "[{\"changed\": {\"fields\": [\"Image\"]}}]"}}, {"model": "admin.logentry", "pk": 20, "fields": {"action_time": "2022-11-29T09:31:36.237Z", "user": 1, "content_type": 13, "object_id": "1", "object_repr": "Shoes", "action_flag": 2, "change_message": "[{\"changed\": {\"fields\": [\"Image\"]}}]"}}, {"model": "admin.logentry", "pk": 21, "fields": {"action_time": "2022-11-29T09:53:56.001Z", "user": 1, "content_type": 16, "object_id": "1", "object_repr": "Arons", "action_flag": 1, "change_message": "[{\"added\": {}}]"}}, {"model": "admin.logentry", "pk": 22, "fields": {"action_time": "2022-11-29T09:54:14.690Z", "user": 1, "content_type": 17, "object_id": "1", "object_repr": "1", "action_flag": 1, "change_message": "[{\"added\": {}}]"}}, {"model": "admin.logentry", "pk": 23, "fields": {"action_time": "2022-11-29T09:54:31.844Z", "user": 1, "content_type": 15, "object_id": "1", "object_repr": "OrderItem object (1)", "action_flag": 1, "change_message": "[{\"added\": {}}]"}}, {"model": "admin.logentry", "pk": 24, "fields": {"action_time": "2022-11-29T09:55:10.640Z", "user": 1, "content_type": 15, "object_id": "2", "object_repr": "OrderItem object (2)", "action_flag": 1, "change_message": "[{\"added\": {}}]"}}, {"model": "admin.logentry", "pk": 25, "fields": {"action_time": "2022-12-01T09:45:12.273Z", "user": 1, "content_type": 15, "object_id": "1", "object_repr": "OrderItem object (1)", "action_flag": 2, "change_message": "[{\"changed\": {\"fields\": [\"Quantity\"]}}]"}}, {"model": "admin.logentry", "pk": 26, "fields": {"action_time": "2022-12-01T11:05:39.352Z", "user": 1, "content_type": 15, "object_id": "2", "object_repr": "OrderItem object (2)", "action_flag": 3, "change_message": ""}}, {"model": "admin.logentry", "pk": 27, "fields": {"action_time": "2022-12-01T11:05:39.496Z", "user": 1, "content_type": 15, "object_id": "1", "object_repr": "OrderItem object (1)", "action_flag": 3, "change_message": ""}}, {"model": "admin.logentry", "pk": 28, "fields": {"action_time": "2022-12-01T11:09:06.474Z", "user": 1, "content_type": 17, "object_id": "1", "object_repr": "1", "action_flag": 3, "change_message": ""}}, {"model": "admin.logentry", "pk": 29, "fields": {"action_time": "2022-12-01T11:19:16.124Z", "user": 1, "content_type": 17, "object_id": "3", "object_repr": "3", "action_flag": 1, "change_message": "[{\"added\": {}}]"}}, {"model": "admin.logentry", "pk": 30, "fields": {"action_time": "2022-12-01T11:19:30.101Z", "user": 1, "content_type": 17, "object_id": "3", "object_repr": "3", "action_flag": 3, "change_message": ""}}, {"model": "admin.logentry", "pk": 31, "fields": {"action_time": "2022-12-01T11:19:30.268Z", "user": 1, "content_type": 17, "object_id": "2", "object_repr": "2", "action_flag": 3, "change_message": ""}}, {"model": "admin.logentry", "pk": 32, "fields": {"action_time": "2022-12-01T11:19:38.888Z", "user": 1, "content_type": 17, "object_id": "4", "object_repr": "4", "action_flag": 1, "change_message": "[{\"added\": {}}]"}}, {"model": "admin.logentry", "pk": 33, "fields": {"action_time": "2022-12-01T11:19:47.275Z", "user": 1, "content_type": 17, "object_id": "4", "object_repr": "4", "action_flag": 2, "change_message": "[]"}}, {"model": "admin.logentry", "pk": 34, "fields": {"action_time": "2022-12-01T11:20:54.093Z", "user": 1, "content_type": 15, "object_id": "3", "object_repr": "OrderItem object (3)", "action_flag": 1, "change_message": "[{\"added\": {}}]"}}, {"model": "admin.logentry", "pk": 35, "fields": {"action_time": "2022-12-01T11:21:11.351Z", "user": 1, "content_type": 15, "object_id": "4", "object_repr": "OrderItem object (4)", "action_flag": 1, "change_message": "[{\"added\": {}}]"}}, {"model": "admin.logentry", "pk": 36, "fields": {"action_time": "2022-12-01T11:47:41.340Z", "user": 1, "content_type": 13, "object_id": "5", "object_repr": "Andrea Wallpaper", "action_flag": 2, "change_message": "[{\"changed\": {\"fields\": [\"Name\", \"Digital\"]}}]"}}, {"model": "admin.logentry", "pk": 37, "fields": {"action_time": "2022-12-01T11:48:10.563Z", "user": 1, "content_type": 15, "object_id": "4", "object_repr": "OrderItem object (4)", "action_flag": 2, "change_message": "[]"}}, {"model": "admin.logentry", "pk": 38, "fields": {"action_time": "2022-12-01T11:49:06.492Z", "user": 1, "content_type": 15, "object_id": "3", "object_repr": "OrderItem object (3)", "action_flag": 3, "change_message": ""}}, {"model": "admin.logentry", "pk": 39, "fields": {"action_time": "2022-12-01T11:49:52.192Z", "user": 1, "content_type": 15, "object_id": "5", "object_repr": "OrderItem object (5)", "action_flag": 1, "change_message": "[{\"added\": {}}]"}}, {"model": "admin.logentry", "pk": 40, "fields": {"action_time": "2022-12-15T09:32:10.812Z", "user": 1, "content_type": 3, "object_id": "1", "object_repr": "admin", "action_flag": 1, "change_message": "[{\"added\": {}}]"}}, {"model": "admin.logentry", "pk": 41, "fields": {"action_time": "2022-12-15T09:33:52.610Z", "user": 1, "content_type": 3, "object_id": "2", "object_repr": "customer", "action_flag": 1, "change_message": "[{\"added\": {}}]"}}, {"model": "admin.logentry", "pk": 42, "fields": {"action_time": "2022-12-20T13:10:29.981Z", "user": 1, "content_type": 4, "object_id": "1", "object_repr": "Arons", "action_flag": 2, "change_message": "[{\"changed\": {\"fields\": [\"Groups\"]}}]"}}, {"model": "auth.permission", "pk": 1, "fields": {"name": "Can add log entry", "content_type": 1, "codename": "add_logentry"}}, {"model": "auth.permission", "pk": 2, "fields": {"name": "Can change log entry", "content_type": 1, "codename": "change_logentry"}}, {"model": "auth.permission", "pk": 3, "fields": {"name": "Can delete log entry", "content_type": 1, "codename": "delete_logentry"}}, {"model": "auth.permission", "pk": 4, "fields": {"name": "Can view log entry", "content_type": 1, "codename": "view_logentry"}}, {"model": "auth.permission", "pk": 5, "fields": {"name": "Can add permission", "content_type": 2, "codename": "add_permission"}}, {"model": "auth.permission", "pk": 6, "fields": {"name": "Can change permission", "content_type": 2, "codename": "change_permission"}}, {"model": "auth.permission", "pk": 7, "fields": {"name": "Can delete permission", "content_type": 2, "codename": "delete_permission"}}, {"model": "auth.permission", "pk": 8, "fields": {"name": "Can view permission", "content_type": 2, "codename": "view_permission"}}, {"model": "auth.permission", "pk": 9, "fields": {"name": "Can add group", "content_type": 3, "codename": "add_group"}}, {"model": "auth.permission", "pk": 10, "fields": {"name": "Can change group", "content_type": 3, "codename": "change_group"}}, {"model": "auth.permission", "pk": 11, "fields": {"name": "Can delete group", "content_type": 3, "codename": "delete_group"}}, {"model": "auth.permission", "pk": 12, "fields": {"name": "Can view group", "content_type": 3, "codename": "view_group"}}, {"model": "auth.permission", "pk": 13, "fields": {"name": "Can add user", "content_type": 4, "codename": "add_user"}}, {"model": "auth.permission", "pk": 14, "fields": {"name": "Can change user", "content_type": 4, "codename": "change_user"}}, {"model": "auth.permission", "pk": 15, "fields": {"name": "Can delete user", "content_type": 4, "codename": "delete_user"}}, {"model": "auth.permission", "pk": 16, "fields": {"name": "Can view user", "content_type": 4, "codename": "view_user"}}, {"model": "auth.permission", "pk": 17, "fields": {"name": "Can add content type", "content_type": 5, "codename": "add_contenttype"}}, {"model": "auth.permission", "pk": 18, "fields": {"name": "Can change content type", "content_type": 5, "codename": "change_contenttype"}}, {"model": "auth.permission", "pk": 19, "fields": {"name": "Can delete content type", "content_type": 5, "codename": "delete_contenttype"}}, {"model": "auth.permission", "pk": 20, "fields": {"name": "Can view content type", "content_type": 5, "codename": "view_contenttype"}}, {"model": "auth.permission", "pk": 21, "fields": {"name": "Can add session", "content_type": 6, "codename": "add_session"}}, {"model": "auth.permission", "pk": 22, "fields": {"name": "Can change session", "content_type": 6, "codename": "change_session"}}, {"model": "auth.permission", "pk": 23, "fields": {"name": "Can delete session", "content_type": 6, "codename": "delete_session"}}, {"model": "auth.permission", "pk": 24, "fields": {"name": "Can view session", "content_type": 6, "codename": "view_session"}}, {"model": "auth.permission", "pk": 25, "fields": {"name": "Can add site", "content_type": 7, "codename": "add_site"}}, {"model": "auth.permission", "pk": 26, "fields": {"name": "Can change site", "content_type": 7, "codename": "change_site"}}, {"model": "auth.permission", "pk": 27, "fields": {"name": "Can delete site", "content_type": 7, "codename": "delete_site"}}, {"model": "auth.permission", "pk": 28, "fields": {"name": "Can view site", "content_type": 7, "codename": "view_site"}}, {"model": "auth.permission", "pk": 29, "fields": {"name": "Can add email address", "content_type": 8, "codename": "add_emailaddress"}}, {"model": "auth.permission", "pk": 30, "fields": {"name": "Can change email address", "content_type": 8, "codename": "change_emailaddress"}}, {"model": "auth.permission", "pk": 31, "fields": {"name": "Can delete email address", "content_type": 8, "codename": "delete_emailaddress"}}, {"model": "auth.permission", "pk": 32, "fields": {"name": "Can view email address", "content_type": 8, "codename": "view_emailaddress"}}, {"model": "auth.permission", "pk": 33, "fields": {"name": "Can add email confirmation", "content_type": 9, "codename": "add_emailconfirmation"}}, {"model": "auth.permission", "pk": 34, "fields": {"name": "Can change email confirmation", "content_type": 9, "codename": "change_emailconfirmation"}}, {"model": "auth.permission", "pk": 35, "fields": {"name": "Can delete email confirmation", "content_type": 9, "codename": "delete_emailconfirmation"}}, {"model": "auth.permission", "pk": 36, "fields": {"name": "Can view email confirmation", "content_type": 9, "codename": "view_emailconfirmation"}}, {"model": "auth.permission", "pk": 37, "fields": {"name": "Can add social account", "content_type": 10, "codename": "add_socialaccount"}}, {"model": "auth.permission", "pk": 38, "fields": {"name": "Can change social account", "content_type": 10, "codename": "change_socialaccount"}}, {"model": "auth.permission", "pk": 39, "fields": {"name": "Can delete social account", "content_type": 10, "codename": "delete_socialaccount"}}, {"model": "auth.permission", "pk": 40, "fields": {"name": "Can view social account", "content_type": 10, "codename": "view_socialaccount"}}, {"model": "auth.permission", "pk": 41, "fields": {"name": "Can add social application", "content_type": 11, "codename": "add_socialapp"}}, {"model": "auth.permission", "pk": 42, "fields": {"name": "Can change social application", "content_type": 11, "codename": "change_socialapp"}}, {"model": "auth.permission", "pk": 43, "fields": {"name": "Can delete social application", "content_type": 11, "codename": "delete_socialapp"}}, {"model": "auth.permission", "pk": 44, "fields": {"name": "Can view social application", "content_type": 11, "codename": "view_socialapp"}}, {"model": "auth.permission", "pk": 45, "fields": {"name": "Can add social application token", "content_type": 12, "codename": "add_socialtoken"}}, {"model": "auth.permission", "pk": 46, "fields": {"name": "Can change social application token", "content_type": 12, "codename": "change_socialtoken"}}, {"model": "auth.permission", "pk": 47, "fields": {"name": "Can delete social application token", "content_type": 12, "codename": "delete_socialtoken"}}, {"model": "auth.permission", "pk": 48, "fields": {"name": "Can view social application token", "content_type": 12, "codename": "view_socialtoken"}}, {"model": "auth.permission", "pk": 49, "fields": {"name": "Can add product", "content_type": 13, "codename": "add_product"}}, {"model": "auth.permission", "pk": 50, "fields": {"name": "Can change product", "content_type": 13, "codename": "change_product"}}, {"model": "auth.permission", "pk": 51, "fields": {"name": "Can delete product", "content_type": 13, "codename": "delete_product"}}, {"model": "auth.permission", "pk": 52, "fields": {"name": "Can view product", "content_type": 13, "codename": "view_product"}}, {"model": "auth.permission", "pk": 53, "fields": {"name": "Can add shipping address", "content_type": 14, "codename": "add_shippingaddress"}}, {"model": "auth.permission", "pk": 54, "fields": {"name": "Can change shipping address", "content_type": 14, "codename": "change_shippingaddress"}}, {"model": "auth.permission", "pk": 55, "fields": {"name": "Can delete shipping address", "content_type": 14, "codename": "delete_shippingaddress"}}, {"model": "auth.permission", "pk": 56, "fields": {"name": "Can view shipping address", "content_type": 14, "codename": "view_shippingaddress"}}, {"model": "auth.permission", "pk": 57, "fields": {"name": "Can add order item", "content_type": 15, "codename": "add_orderitem"}}, {"model": "auth.permission", "pk": 58, "fields": {"name": "Can change order item", "content_type": 15, "codename": "change_orderitem"}}, {"model": "auth.permission", "pk": 59, "fields": {"name": "Can delete order item", "content_type": 15, "codename": "delete_orderitem"}}, {"model": "auth.permission", "pk": 60, "fields": {"name": "Can view order item", "content_type": 15, "codename": "view_orderitem"}}, {"model": "auth.permission", "pk": 61, "fields": {"name": "Can add customer", "content_type": 16, "codename": "add_customer"}}, {"model": "auth.permission", "pk": 62, "fields": {"name": "Can change customer", "content_type": 16, "codename": "change_customer"}}, {"model": "auth.permission", "pk": 63, "fields": {"name": "Can delete customer", "content_type": 16, "codename": "delete_customer"}}, {"model": "auth.permission", "pk": 64, "fields": {"name": "Can view customer", "content_type": 16, "codename": "view_customer"}}, {"model": "auth.permission", "pk": 65, "fields": {"name": "Can add order", "content_type": 17, "codename": "add_order"}}, {"model": "auth.permission", "pk": 66, "fields": {"name": "Can change order", "content_type": 17, "codename": "change_order"}}, {"model": "auth.permission", "pk": 67, "fields": {"name": "Can delete order", "content_type": 17, "codename": "delete_order"}}, {"model": "auth.permission", "pk": 68, "fields": {"name": "Can view order", "content_type": 17, "codename": "view_order"}}, {"model": "auth.group", "pk": 1, "fields": {"name": "admin", "permissions": []}}, {"model": "auth.group", "pk": 2, "fields": {"name": "customer", "permissions": []}}, {"model": "auth.user", "pk": 1, "fields": {"password": "pbkdf2_sha256$390000$YB9g2XJtWM7o1DvQbqISbt$GoJco/9qLmkq19s5XhqPqSidaWu+Mho/hIpkSBIGb9s=", "last_login": "2022-12-30T07:39:46.357Z", "is_superuser": true, "username": "Arons", "first_name": "", "last_name": "", "email": "aronmangati@gmail.com", "is_staff": true, "is_active": true, "date_joined": "2022-11-28T10:09:39Z", "groups": [1], "user_permissions": []}}, {"model": "auth.user", "pk": 2, "fields": {"password": "pbkdf2_sha256$390000$CkgKVBL55iejwLjrQFRPKK$VBebt0G2txWuBY8enlrVoBkzM52Xm/hn+vaFXwa6uQQ=", "last_login": "2022-12-30T07:38:33.817Z", "is_superuser": false, "username": "Mutia", "first_name": "", "last_name": "", "email": "", "is_staff": false, "is_active": true, "date_joined": "2022-12-14T08:46:08.433Z", "groups": [], "user_permissions": []}}, {"model": "contenttypes.contenttype", "pk": 1, "fields": {"app_label": "admin", "model": "logentry"}}, {"model": "contenttypes.contenttype", "pk": 2, "fields": {"app_label": "auth", "model": "permission"}}, {"model": "contenttypes.contenttype", "pk": 3, "fields": {"app_label": "auth", "model": "group"}}, {"model": "contenttypes.contenttype", "pk": 4, "fields": {"app_label": "auth", "model": "user"}}, {"model": "contenttypes.contenttype", "pk": 5, "fields": {"app_label": "contenttypes", "model": "contenttype"}}, {"model": "contenttypes.contenttype", "pk": 6, "fields": {"app_label": "sessions", "model": "session"}}, {"model": "contenttypes.contenttype", "pk": 7, "fields": {"app_label": "sites", "model": "site"}}, {"model": "contenttypes.contenttype", "pk": 8, "fields": {"app_label": "account", "model": "emailaddress"}}, {"model": "contenttypes.contenttype", "pk": 9, "fields": {"app_label": "account", "model": "emailconfirmation"}}, {"model": "contenttypes.contenttype", "pk": 10, "fields": {"app_label": "socialaccount", "model": "socialaccount"}}, {"model": "contenttypes.contenttype", "pk": 11, "fields": {"app_label": "socialaccount", "model": "socialapp"}}, {"model": "contenttypes.contenttype", "pk": 12, "fields": {"app_label": "socialaccount", "model": "socialtoken"}}, {"model": "contenttypes.contenttype", "pk": 13, "fields": {"app_label": "store", "model": "product"}}, {"model": "contenttypes.contenttype", "pk": 14, "fields": {"app_label": "store", "model": "shippingaddress"}}, {"model": "contenttypes.contenttype", "pk": 15, "fields": {"app_label": "store", "model": "orderitem"}}, {"model": "contenttypes.contenttype", "pk": 16, "fields": {"app_label": "store", "model": "customer"}}, {"model": "contenttypes.contenttype", "pk": 17, "fields": {"app_label": "store", "model": "order"}}, {"model": "sessions.session", "pk": "0wrbzchj5ieqyx65vu89cniz8fjfczwv", "fields": {"session_data": ".eJxVjDsOwyAQBe9CHSHAfNYp0_sMaIElOIlAMnYV5e4RkoukfTPz3szjsRd_dNr8mtiVSXb53QLGJ9UB0gPrvfHY6r6tgQ-Fn7TzpSV63U7376BgL6PW0mUAKcJkDU52BmcIlKUM6HKm6MRkjI4EKBVgIBGtRiBllU5zJPb5AtQxN-k:1pB9zW:WYN6oWOMGcY2z7HVAnOs10ckDOCXD93593VL1sQWzh4", "expire_date": "2023-01-13T07:39:46.525Z"}}, {"model": "sessions.session", "pk": "acb3dzf7zw4ije056wn2inlw0csgdlgc", "fields": {"session_data": ".eJxVjDsOwyAQBe9CHSHAfNYp0_sMaIElOIlAMnYV5e4RkoukfTPz3szjsRd_dNr8mtiVSXb53QLGJ9UB0gPrvfHY6r6tgQ-Fn7TzpSV63U7376BgL6PW0mUAKcJkDU52BmcIlKUM6HKm6MRkjI4EKBVgIBGtRiBllU5zJPb5AtQxN-k:1p3Etn:Mrcrqs_u2_lPLPhH7rxvrQYKhuSooTyBz-PVJ5nxunY", "expire_date": "2022-12-22T11:17:07.362Z"}}, {"model": "sites.site", "pk": 1, "fields": {"domain": "example.com", "name": "example.com"}}, {"model": "store.customer", "pk": 1, "fields": {"user": 1, "name": "Arons", "email": "aronmangati@gmail.com"}}, {"model": "store.customer", "pk": 2, "fields": {"user": null, "name": "Arosto", "email": "arostotle@gmail.com"}}, {"model": "store.product", "pk": 1, "fields": {"name": "Shoes", "price": "120.99", "digital": false, "image": "shoes.jpg"}}, {"model": "store.product", "pk": 2, "fields": {"name": "T-Shirt", "price": "49.89", "digital": false, "image": "T-shirt.jpg"}}, {"model": "store.product", "pk": 3, "fields": {"name": "Shorts", "price": "9.99", "digital": false, "image": "Shorts.jpg"}}, {"model": "store.product", "pk": 4, "fields": {"name": "Watch", "price": "220.00", "digital": false, "image": "watch.jpg"}}, {"model": "store.product", "pk": 5, "fields": {"name": "Andrea Wallpaper", "price": "34.99", "digital": true, "image": "Denim_Jacket.jpg"}}, {"model": "store.product", "pk": 6, "fields": {"name": "Denim Jeans", "price": "12.99", "digital": false, "image": "Denim_Jeans.jpg"}}, {"model": "store.order", "pk": 4, "fields": {"customer": 1, "date_ordered": "2022-12-01T11:19:38.809Z", "complete": true, "transaction_id": "1669983272.658137"}}, {"model": "store.order", "pk": 5, "fields": {"customer": 1, "date_ordered": "2022-12-02T12:14:36.791Z", "complete": true, "transaction_id": "1670220333.510232"}}, {"model": "store.order", "pk": 6, "fields": {"customer": 1, "date_ordered": "2022-12-05T06:05:45.046Z", "complete": true, "transaction_id": "1670220641.056091"}}, {"model": "store.order", "pk": 7, "fields": {"customer": 1, "date_ordered": "2022-12-05T06:10:45.928Z", "complete": true, "transaction_id": "1670221147.810408"}}, {"model": "store.order", "pk": 8, "fields": {"customer": 1, "date_ordered": "2022-12-05T06:19:16.549Z", "complete": true, "transaction_id": "1670222195.448134"}}, {"model": "store.order", "pk": 9, "fields": {"customer": 1, "date_ordered": "2022-12-05T06:36:37.855Z", "complete": true, "transaction_id": "1670321291.533712"}}, {"model": "store.order", "pk": 10, "fields": {"customer": 2, "date_ordered": "2022-12-06T07:36:30.536Z", "complete": false, "transaction_id": "1670312189.959652"}}, {"model": "store.order", "pk": 11, "fields": {"customer": 2, "date_ordered": "2022-12-06T08:51:57.052Z", "complete": false, "transaction_id": "1670316716.932654"}}, {"model": "store.order", "pk": 12, "fields": {"customer": 2, "date_ordered": "2022-12-06T08:52:59.933Z", "complete": false, "transaction_id": "1670316779.750732"}}, {"model": "store.order", "pk": 13, "fields": {"customer": 1, "date_ordered": "2022-12-06T10:08:13.501Z", "complete": true, "transaction_id": "1671475835.367954"}}, {"model": "store.order", "pk": 14, "fields": {"customer": 2, "date_ordered": "2022-12-06T10:11:37.694Z", "complete": false, "transaction_id": "1670321497.568066"}}, {"model": "store.order", "pk": 15, "fields": {"customer": 1, "date_ordered": "2022-12-19T18:50:39.136Z", "complete": false, "transaction_id": "1673526778.944283"}}, {"model": "store.orderitem", "pk": 12, "fields": {"product": 5, "order": 4, "quantity": 1, "date_added": "2022-12-02T11:47:02.513Z"}}, {"model": "store.orderitem", "pk": 14, "fields": {"product": 2, "order": 5, "quantity": 1, "date_added": "2022-12-05T06:04:55.059Z"}}, {"model": "store.orderitem", "pk": 15, "fields": {"product": 6, "order": 5, "quantity": 1, "date_added": "2022-12-05T06:05:02.541Z"}}, {"model": "store.orderitem", "pk": 16, "fields": {"product": 1, "order": 5, "quantity": 1, "date_added": "2022-12-05T06:05:09.508Z"}}, {"model": "store.orderitem", "pk": 17, "fields": {"product": 4, "order": 5, "quantity": 1, "date_added": "2022-12-05T06:05:13.126Z"}}, {"model": "store.orderitem", "pk": 18, "fields": {"product": 1, "order": 6, "quantity": 1, "date_added": "2022-12-05T06:10:31.247Z"}}, {"model": "store.orderitem", "pk": 19, "fields": {"product": 1, "order": 7, "quantity": 1, "date_added": "2022-12-05T06:18:28.363Z"}}, {"model": "store.orderitem", "pk": 20, "fields": {"product": 3, "order": 8, "quantity": 1, "date_added": "2022-12-05T06:36:23.835Z"}}, {"model": "store.orderitem", "pk": 28, "fields": {"product": 1, "order": 10, "quantity": 1, "date_added": "2022-12-06T07:36:30.776Z"}}, {"model": "store.orderitem", "pk": 29, "fields": {"product": 2, "order": 10, "quantity": 1, "date_added": "2022-12-06T07:36:30.956Z"}}, {"model": "store.orderitem", "pk": 30, "fields": {"product": 4, "order": 10, "quantity": 1, "date_added": "2022-12-06T07:36:31.231Z"}}, {"model": "store.orderitem", "pk": 31, "fields": {"product": 6, "order": 10, "quantity": 1, "date_added": "2022-12-06T07:36:31.461Z"}}, {"model": "store.orderitem", "pk": 32, "fields": {"product": 2, "order": 11, "quantity": 1, "date_added": "2022-12-06T08:51:57.183Z"}}, {"model": "store.orderitem", "pk": 33, "fields": {"product": 3, "order": 12, "quantity": 1, "date_added": "2022-12-06T08:53:00.180Z"}}, {"model": "store.orderitem", "pk": 35, "fields": {"product": 4, "order": 9, "quantity": 1, "date_added": "2022-12-06T09:50:02.029Z"}}, {"model": "store.orderitem", "pk": 36, "fields": {"product": 3, "order": 14, "quantity": 1, "date_added": "2022-12-06T10:11:37.835Z"}}, {"model": "store.orderitem", "pk": 40, "fields": {"product": 4, "order": 13, "quantity": 1, "date_added": "2022-12-19T18:48:05.008Z"}}, {"model": "store.shippingaddress", "pk": 1, "fields": {"customer": 1, "order": 9, "address": "00100, Ezium Gate A", "city": "Nairobi", "state": "Nairobi", "zipcode": "73", "date_added": "2022-12-06T07:06:55.541Z"}}, {"model": "store.shippingaddress", "pk": 2, "fields": {"customer": 2, "order": 10, "address": null, "city": null, "state": null, "zipcode": null, "date_added": "2022-12-06T07:36:31.911Z"}}, {"model": "store.shippingaddress", "pk": 3, "fields": {"customer": 1, "order": 9, "address": "00100, Ezium Gate A", "city": "Nairobi", "state": "Nairobi", "zipcode": "73", "date_added": "2022-12-06T07:50:04.244Z"}}, {"model": "store.shippingaddress", "pk": 4, "fields": {"customer": 1, "order": 9, "address": "00100, Ezium Gate A", "city": "Nairobi", "state": "Nairobi", "zipcode": "73", "date_added": "2022-12-06T07:53:31.946Z"}}, {"model": "store.shippingaddress", "pk": 5, "fields": {"customer": 1, "order": 9, "address": "00100, Ezium Gate A", "city": "Nairobi", "state": "Nairobi", "zipcode": "73", "date_added": "2022-12-06T08:10:34.445Z"}}, {"model": "store.shippingaddress", "pk": 6, "fields": {"customer": 2, "order": 11, "address": null, "city": null, "state": null, "zipcode": null, "date_added": "2022-12-06T08:51:57.452Z"}}, {"model": "store.shippingaddress", "pk": 7, "fields": {"customer": 2, "order": 12, "address": null, "city": null, "state": null, "zipcode": null, "date_added": "2022-12-06T08:53:00.488Z"}}, {"model": "store.shippingaddress", "pk": 8, "fields": {"customer": 1, "order": 9, "address": "00100, Ezium Gate A", "city": "Nairobi", "state": "Nairobi", "zipcode": "73", "date_added": "2022-12-06T10:08:11.785Z"}}, {"model": "store.shippingaddress", "pk": 9, "fields": {"customer": 2, "order": 14, "address": null, "city": null, "state": null, "zipcode": null, "date_added": "2022-12-06T10:11:38.099Z"}}, {"model": "store.shippingaddress", "pk": 10, "fields": {"customer": 1, "order": 13, "address": "00100, Ezium Gate A", "city": "Nairobi", "state": "Nairobi", "zipcode": "73", "date_added": "2022-12-08T11:19:01.235Z"}}, {"model": "store.shippingaddress", "pk": 11, "fields": {"customer": 1, "order": 13, "address": "00100", "city": "Nairobi", "state": "Nairobi", "zipcode": "73", "date_added": "2022-12-19T18:50:35.572Z"}}, {"model": "store.shippingaddress", "pk": 12, "fields": {"customer": 1, "order": 15, "address": "00100, Ezium Gate A", "city": "Nairobi", "state": "Nairobi", "zipcode": "73", "date_added": "2022-12-30T07:41:04.677Z"}}, {"model": "store.shippingaddress", "pk": 13, "fields": {"customer": 1, "order": 15, "address": "00100, Ezium Gate A", "city": "Nairobi", "state": "Nairobi", "zipcode": "73", "date_added": "2023-01-12T12:32:59.134Z"}}]